{"web":{"client_id":"718529478068-flb9ai4ljmp0k6ftknmnc9cj9k2oeru1.apps.googleusercontent.com","project_id":"se-final-335912","auth_uri":"https://accounts.google.com/o/oauth2/auth","token_uri":"https://oauth2.googleapis.com/token","auth_provider_x509_cert_url":"https://www.googleapis.com/oauth2/v1/certs","client_secret":"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","redirect_uris":["http://localhost","http://localhost:5000/signin-google","http://localhost/","http://localhost:5000/","http://localhost:8080/","http://localhost:8080","http://localhost:8080/signin-google"],"javascript_origins":["http://localhost"]}}