{"token": "ya29.A0ARrdaM-IeLciSQE-wVabSRkSB-05Ffd6Ow4CcfO095pEQzJCqXmrG6YvIbZ4q5nRaYSRw-ozTg82fmfldqtFusQyt8WlMmM2uTb7JZXsCA3o7NJ5JF-VdKYk5ye9WDCh-jj9eY2zqSWgMI19aw7HHMDcudzk", "refresh_token": "1//0eu2xtpoZ_uziCgYIARAAGA4SNwF-L9IrG8ajoLSUGWo0PS_esadGh8LXbvKcWshQYR3UHWB5CzMmXR33xRT1fhdHMVd9R3vcUvY", "token_uri": "https://oauth2.googleapis.com/token", "client_id": "718529478068-flb9ai4ljmp0k6ftknmnc9cj9k2oeru1.apps.googleusercontent.com", "client_secret": "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", "scopes": ["https://www.googleapis.com/auth/calendar.events", "https://www.googleapis.com/auth/calendar.events.readonly", "https://www.googleapis.com/auth/calendar"], "expiry": "2022-01-21T10:22:03.655437Z"}