{"token": "ya29.A0ARrdaM9VWoG37-sK9Gzlb3JlG3hzaQDXuzPX1KPQIx_pNCCYnBUHjrf-wCmvt1EvA3oVnbeE465Bu01moq7hcdgjEro4RsCoN8yNVlZzkrb9iT2yusHyEPkq7Wxt9jQJIdiQK7mZqQN06K0I54LqbIm-D8t0", "refresh_token": "1//0erBqc7TzBmOVCgYIARAAGA4SNwF-L9IrbyGwo2MFGuTvG88Ca3z1wGgaf7C659eRCN-iQRSfv8krxZJN-lu-J5FS2f1oaZB0bm8", "token_uri": "https://oauth2.googleapis.com/token", "client_id": "718529478068-flb9ai4ljmp0k6ftknmnc9cj9k2oeru1.apps.googleusercontent.com", "client_secret": "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", "scopes": ["https://www.googleapis.com/auth/calendar.events", "https://www.googleapis.com/auth/calendar.events.readonly", "https://www.googleapis.com/auth/calendar"], "expiry": "2022-01-21T10:11:59.436023Z"}