{"token": "ya29.A0ARrdaM9Ru1AyIdcSCJn1y4cdHuEtBVJyGgELgXA99crAv4oWMvjP9owsxSozLTlW8IF6v7ua6blTEI-yDUABMt50jjxK6uAXFPA8a_Qk72h8IGKG7wabe-t_RoK7EMETuERm4ed7Hqdmsgl3GfSGC-hIRbSk", "refresh_token": "1//0epoMegYWcPSWCgYIARAAGA4SNwF-L9IrGe3tur1xDplmSvRb9-oPZqX-YPD58VgsVPdXUtIOJTfRJ4sy6-Ah05ml1f-PUbffuCM", "token_uri": "https://oauth2.googleapis.com/token", "client_id": "718529478068-flb9ai4ljmp0k6ftknmnc9cj9k2oeru1.apps.googleusercontent.com", "client_secret": "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", "scopes": ["https://www.googleapis.com/auth/calendar.events", "https://www.googleapis.com/auth/calendar.events.readonly", "https://www.googleapis.com/auth/calendar"], "expiry": "2022-01-21T11:40:55.457459Z"}